{
  "n_genes_total": 63769,
  "n_genes_after_filter": 37699,
  "n_cells": 5403,
  "explained_variance_ratio_first5": [
    0.09274490922689438,
    0.02354329079389572,
    0.0183061882853508,
    0.014027118682861328,
    0.010993191972374916
  ],
  "n_reference_cells_for_R": 470
}