metric,group_a,group_b,n_a,n_b,median_a,median_b,delta_median_a_minus_b,u_statistic,p_value
H,D1,D2,1238,4165,-2.7936690498010948,0.4982374957986222,-3.291906545599717,119568.0,0.0
S,D1,D2,1238,4165,1.947902126510273,-0.2484689777562924,2.1963711042665652,4861601.0,0.0
M,D1,D2,1238,4165,-2.6266349,0.24950562,-2.87614052,15156.0,0.0
R,D1,D2,1238,4165,-1.0327336,0.26979056,-1.30252416,401047.0,0.0
phi,D1,D2,1238,4165,4.388376911981904,1.7829609619436375,2.6054159500382665,4955373.0,0.0
