{
  "selected_probe_matrix": "data/processed/gse240704/selected_probe_matrix.parquet",
  "n_samples": 363,
  "n_probes": 5000,
  "n_components": 5,
  "explained_variance_ratio": {
    "PC1": 0.13506985918728576,
    "PC2": 0.11699092452808962,
    "PC3": 0.037804558186702496,
    "PC4": 0.02409835425539032,
    "PC5": 0.01621737990344389
  }
}