phantom4_enhancers,n,fraction
low-CpG:196792096-196792282,2,0.6666666666666666
low-CpG:212236729-212237006,1,0.3333333333333333
