metric,group_a,group_b,n_a,n_b,median_a,median_b,delta_median_a_minus_b,u_statistic,p_value
total_counts,treated,untreated,387,1258,969769.0,895476.5,74292.5,235285.5,0.3193784204275554
mito_counts,treated,untreated,387,1258,45074.0,85014.0,-39940.0,184119.5,3.95796729707958e-13
non_mito_counts,treated,untreated,387,1258,891184.0,785634.5,105549.5,241063.5,0.7728307716574059
mito_fraction,treated,untreated,387,1258,0.06542089057869281,0.08770839441427097,-0.022287503835578162,173038.0,7.114246634122308e-18
antigen_presentation_score,treated,untreated,387,1258,0.07094367575810777,-0.02940317779174398,0.10034685354985175,236854.5,0.4215498363508854
ribosomal_translation_score,treated,untreated,387,1258,0.23858196739250712,-0.0741162389123847,0.3126982063048918,272965.0,0.00030030753077782944
housekeeping_output_score,treated,untreated,387,1258,0.16796386133104585,-0.04883644146038668,0.21680030279143253,255572.5,0.1370966812423219
mitochondrial_encoded_score,treated,untreated,387,1258,-0.4098633278646156,0.13354456852169122,-0.5434078963863068,184122.0,3.966925303798197e-13
immune_leaning_score,treated,untreated,387,1258,-0.6745,0.39455720673641975,-1.0690572067364197,217464.5,0.0007446526889255825
