{
  "n_d2_1_cells_with_treatment_label": 1645,
  "treated_n": 387,
  "untreated_n": 1258,
  "reference_d2_subdomain_treatment_chi2": {
    "chi2": 22.87317053804371,
    "p_value": 1.7305055549960237e-06,
    "dof": 1
  }
}