metric,group_a,group_b,n_a,n_b,median_a,median_b,delta_median_a_minus_b,u_statistic,p_value
H,treated,untreated,387,1258,1.565321295279635,1.7799110570046461,-0.2145897617250112,197811.0,2.3839436986245376e-08
S,treated,untreated,387,1258,-0.1830170093171592,-0.038822405147412795,-0.1441946041697464,214210.0,0.00035053011621298514
M,treated,untreated,387,1258,0.67628217,0.72221309,-0.045930919999999986,221018.0,0.006112774245495287
R,treated,untreated,387,1258,-0.06083584,-0.31754024999999997,0.25670441,305470.0,3.132670913278924e-14
phi,treated,untreated,387,1258,1.906681242758616,2.205544398468299,-0.298863155709683,187496.0,7.711756716230093e-12
