metric,group_a,group_b,n_a,n_b,median_a,median_b,delta_median_a_minus_b,u_statistic,p_value
total_counts,D2_1,D2_2,1645,2520,909125.0,166130.5,742994.5,3600733.0,0.0
mito_counts,D2_1,D2_2,1645,2520,72739.0,13595.0,59144.0,3422032.0,4.2903601288009247e-277
non_mito_counts,D2_1,D2_2,1645,2520,813515.0,146318.5,667196.5,3609683.5,0.0
mito_fraction,D2_1,D2_2,1645,2520,0.08346405162184048,0.08086778255524413,0.0025962690665963517,2075493.0,0.941320156493196
antigen_presentation_score,D2_1,D2_2,1645,2520,0.4355072517569766,-0.3693016908965431,0.8048089426535197,3047752.0,1.0960789786868207e-145
ribosomal_translation_score,D2_1,D2_2,1645,2520,0.6280769636630629,-0.46795959142287574,1.0960365550859386,3420549.0,1.7238138275120963e-276
housekeeping_output_score,D2_1,D2_2,1645,2520,0.6982471791714596,-0.47523128326363223,1.1734784624350918,3615374.0,0.0
mitochondrial_encoded_score,D2_1,D2_2,1645,2520,0.5936200260122891,-0.4710762536484314,1.0646962796607204,3422025.0,4.3186333012131103e-277
