n_a,n_b,median_a,median_b,delta_median_a_minus_b,u_statistic,p_value,metric,group_a,group_b
1645,2520,1.7069321266093125,-0.14945176875420463,1.8563838953635172,4078217.0,0.0,H,D2_1,D2_2
1645,2520,-0.0790765300404343,-0.37676292972674824,0.29768639968631394,2499818.0,2.094065204804493e-29,S,D2_1,D2_2
1645,2520,0.709049,-0.0609022085,0.7699512085,3738322.0,0.0,M,D2_1,D2_2
1645,2520,-0.2622716,0.703390595,-0.965662195,657109.0,9.315146394707746e-305,R,D2_1,D2_2
1645,2520,2.1329753358993995,1.619800034857984,0.5131753010414155,2930491.0,3.341409075833674e-113,phi,D2_1,D2_2
