metric,group_a,group_b,n_a,n_b,median_a,median_b,delta_median_a_minus_b,u_statistic,p_value
bcell_lymphoid_like_score,D2_1,D2_2,1645,2520,-0.44429106090960147,0.1452456692102518,-0.5895367301198533,1733239.0,2.840095415658848e-20
antigen_presentation_score,D2_1,D2_2,1645,2520,0.4355072517569766,-0.3693016908965431,0.8048089426535197,3047752.0,1.0960789786868207e-145
stress_immediate_early_score,D2_1,D2_2,1645,2520,0.3795384671133984,-0.3168137755691738,0.6963522426825721,2880633.0,4.420949935461468e-101
malignant_output_core_score,D2_1,D2_2,1645,2520,0.683174758630457,-0.4780297443243485,1.1612045029548055,3573541.0,0.0
