metric,n_a,n_b,median_a,median_b,delta_median_a_minus_b,u_statistic,p_value
total_counts,1238,4165,8957.5,314443.0,-305485.5,432627.5,0.0
mito_counts,1238,4165,345.5,28560.0,-28214.5,758877.0,0.0
non_mito_counts,1238,4165,4551.5,284746.0,-280194.5,318424.0,0.0
mito_fraction,1238,4165,0.10576972613782218,0.08249391841372797,0.02327580772409421,2675157.5,0.04406969466111865
antigen_presentation_score,1238,4165,-3.657128887708584,0.26571351232076534,-3.9228424000293494,88362.5,0.0
ribosomal_translation_score,1238,4165,-3.071696627160315,0.27054777249009354,-3.3422443996504088,103716.5,0.0
housekeeping_output_score,1238,4165,-3.3816549734327213,0.2449764906729758,-3.626631464105697,49274.0,0.0
mitochondrial_encoded_score,1238,4165,-2.0240169705149706,0.22650758459114848,-2.2505245551061193,758886.0,0.0
