metric,n_a,n_b,median_a,median_b,delta_median_a_minus_b,u_statistic,p_value
total_counts,1238,4165,8957.5,314443.0,-305485.5,432627.5,0.0
detected_genes,1238,4165,96.0,3016.0,-2920.0,21671.5,0.0
mito_counts,1238,4165,345.5,28560.0,-28214.5,758877.0,0.0
mito_fraction,1238,4165,0.10576972613782218,0.08249391841372797,0.02327580772409421,2675157.5,0.04406969466111865
ribo_counts,1238,4165,62.0,13194.0,-13132.0,150809.0,0.0
ribo_fraction,1238,4165,0.005198713277657913,0.042732672879758085,-0.037533959602100174,1327117.0,1.3159560529893965e-148
log10_total_counts,1238,4165,3.952181928475349,5.4975419310880635,-1.5453600026127146,432627.5,0.0
log10_detected_genes,1238,4165,1.9822712330395684,3.4794313371977363,-1.497160104158168,21671.5,0.0
