metric,n_a,n_b,median_a,median_b,delta_median_a_minus_b,u_statistic,p_value
total_counts,309,4030,33603.0,319108.5,-285505.5,233062.0,2.90071694817248e-75
detected_genes,309,4030,186.0,3057.0,-2871.0,8905.5,6.791082747155409e-184
mito_counts,309,4030,761.0,27423.0,-26662.0,93494.0,3.2165530677139143e-137
mito_fraction,309,4030,0.042487684729064036,0.07986201950631414,-0.0373743347772501,430065.0,1.1466618550463118e-19
ribo_counts,309,4030,326.0,13790.0,-13464.0,95324.5,2.7623838267537982e-136
ribo_fraction,309,4030,0.007716278379581541,0.0433005092943107,-0.03558423091472916,383580.0,1.9652130171049083e-29
log10_total_counts,309,4030,4.526378051951889,5.5039383619241935,-0.9775603099723043,233062.0,2.90071694817248e-75
log10_detected_genes,309,4030,2.2695129442179165,3.485295438726089,-1.2157824945081726,8905.5,6.791082747155409e-184
