metric,group_a,group_b,n_a,n_b,median_a,median_b,delta_median_a_minus_b,u_statistic,p_value
state_age_proxy,D1,D2,1238,4165,0.49111604664075514,0.45331297427355177,0.03780307236720337,2823031.0,3.732215150335376e-07
state_age_proxy,treated,untreated,387,1258,0.6265037941884138,0.6858920969831575,-0.05938830279474361,190002.5,6.273137210867317e-11
