n_a,n_b,median_a,median_b,delta_median_a_minus_b,u_statistic,p_value,metric
1238,4165,0.10576972613782218,0.08249391841372797,0.02327580772409421,2675157.5,0.04406969466111865,mito_fraction
