{
  "n_mito_genes_annotated": 37,
  "n_cells": 5403,
  "d1_vs_d2_test": {
    "n_a": 1238,
    "n_b": 4165,
    "median_a": 0.10576972613782218,
    "median_b": 0.08249391841372797,
    "delta_median_a_minus_b": 0.02327580772409421,
    "u_statistic": 2675157.5,
    "p_value": 0.04406969466111865,
    "metric": "mito_fraction"
  }
}