condition_a,condition_b,axis,n_a,n_b,median_a,median_b,delta_median_a_minus_b,u_statistic,p_value,rank_biserial
mgmt_methylated,mgmt_non_methylated,H,108,122,0.300945405,-0.219269515,0.52021492,8522.0,0.0001234523868678,0.2935640558591379
mgmt_methylated,mgmt_non_methylated,R,108,122,-0.34530728,0.114849465,-0.460156745,5016.0,0.0018061901925435,-0.238615664845173
mgmt_methylated,mgmt_non_methylated,phi,108,122,2.020337981723941,1.6753108299679242,0.3450271517560166,7485.0,0.075060445876062,0.1361566484517304
mgmt_methylated,mgmt_non_methylated,S,108,122,-0.0661298313195934,0.1268862040455067,-0.1930160353651001,6293.0,0.5587086676086581,-0.0447783849423193
mgmt_methylated,mgmt_non_methylated,M,108,122,0.142215705,0.0808881375,0.0613275674999999,6787.0,0.6934757785081664,0.0302064359441409
