metric,value
corr_core_H,0.6214977453891478
corr_core_S,-0.472218189693564
corr_core_M,0.7353454479134526
corr_core_R,-0.6954097594486558
