metric,value
corr_gene_H,0.43428785147534077
corr_gene_S,-0.24953022275045741
corr_gene_M,0.40255533161715873
corr_gene_R,-0.41904725315085894
corr_gene_core_score,0.5045694045202842
