metric,group_a,group_b,n_a,n_b,median_a,median_b,delta_median_a_minus_b,u_statistic,p_value
H,treated,untreated,287,156,1.6417595577100494,1.7413415255693974,-0.09958196785934792,21479.0,0.4812398974350912
S,treated,untreated,287,156,-0.1337403279564556,0.02230272989494245,-0.15604305785139805,17368.0,9.68415945958352e-05
M,treated,untreated,287,156,0.7361372,0.71589507,0.02024213000000008,25074.0,0.03679182014665528
R,treated,untreated,287,156,-0.108426124,-0.29526225,0.186836126,27983.0,1.3724132464621526e-05
phi,treated,untreated,287,156,1.9797234630012113,2.0840698250925307,-0.10434636209131942,20431.0,0.12887363027735832
