metric,group_a,group_b,n_a,n_b,median_a,median_b,delta_median_a_minus_b,u_statistic,p_value
total_counts,treated,untreated,287,156,1060110.0,801273.0,258837.0,24221.0,0.15406355757619186
mito_counts,treated,untreated,287,156,43975.0,64702.0,-20727.0,17049.0,3.380081995047099e-05
non_mito_counts,treated,untreated,287,156,998612.0,723472.0,275140.0,25026.0,0.04028907384032023
mito_fraction,treated,untreated,287,156,0.05811882634674226,0.07912405415733609,-0.02100522781059383,15370.0,5.016401318118426e-08
antigen_presentation_score,treated,untreated,287,156,0.10664140450711429,-0.20027562186969922,0.3069170263768135,24038.5,0.19930642575010749
ribosomal_translation_score,treated,untreated,287,156,0.4147701302204183,-0.3751700873388992,0.7899402175593175,30787.5,6.701064464546778e-11
housekeeping_output_score,treated,untreated,287,156,0.4034354964086455,-0.3364196899886889,0.7398551863973344,29232.5,1.0431919375189894e-07
mitochondrial_encoded_score,treated,untreated,287,156,-0.17126902686702344,0.30515999459522475,-0.4764290214622482,17050.0,3.3915642152634726e-05
immune_leaning_score,treated,untreated,287,156,-0.6745,0.8717786033682098,-1.5462786033682097,19637.5,0.02290792716746771
