pc,explained_variance_ratio
PC1,0.13506995
PC2,0.11699098
PC3,0.03780459
PC4,0.02409837
PC5,0.016217386
