metric,group_a,group_b,n_a,n_b,median_a,median_b,delta_median_a_minus_b,u_statistic,p_value
trajectory_progress_donor_to_d1,D1,D2_1,1199,1566,0.9832234964384727,-0.09941763832921074,1.0826411347676834,1877634.0,0.0
trajectory_progress_donor_to_d2_1,D2_1,D2_2,1566,2168,0.9685846267319771,0.09693200925393633,0.8716526174780408,3363158.0,0.0
d2_branch_bias,D2_1,D2_2,1566,2168,1.4805962745050363,-1.441159910235903,2.9217561847409392,3394869.0,0.0
donor_reversion_bias,D2_1,D1,1566,1199,3.7181392016180883,-4.397728872303578,8.115868073921666,1877634.0,0.0
