axis,source_col,n_domains_tested,domains,kruskal_statistic,p_value
H,H_dom,3,"[""D1"", ""D2"", ""D3""]",32.4241246235033,9.103131108517998e-08
M,M_dom,3,"[""D1"", ""D2"", ""D3""]",105.42474301110974,1.2802887434447116e-23
R,R_dom,3,"[""D1"", ""D2"", ""D3""]",167.18501158478762,4.9686225480563585e-37
S,S_dom,3,"[""D1"", ""D2"", ""D3""]",45.70361997829855,1.1901042886341492e-10
phi,phi_dom,3,"[""D1"", ""D2"", ""D3""]",163.42314059254932,3.2592367803465926e-36
