condition_a,condition_b,axis,n_a,n_b,median_a,median_b,delta_median_a_minus_b,u_statistic,p_value,rank_biserial
mgmt_methylated,mgmt_non_methylated,H,108,122,0.300945405,-0.219269515,0.52021492,8522.0,0.00012345238686781556,0.2935640558591379
mgmt_methylated,mgmt_non_methylated,M,108,122,0.142215705,0.08088813750000001,0.061327567499999985,6787.0,0.6934757785081664,0.030206435944140964
mgmt_methylated,mgmt_non_methylated,R,108,122,-0.34530728,0.114849465,-0.460156745,5016.0,0.0018061901925435857,-0.23861566484517305
mgmt_methylated,mgmt_non_methylated,S,108,122,-0.06612983131959341,0.12688620404550674,-0.19301603536510015,6293.0,0.5587086676086581,-0.04477838494231934
mgmt_methylated,mgmt_non_methylated,phi,108,122,2.020337981723941,1.6753108299679242,0.3450271517560166,7485.0,0.07506044587606206,0.13615664845173048
